path	kind	bytes	sha256	identical_to	link_target
A-pkg/usr/lib/libggml-base.so	symlink	17			libggml-base.so.0
A-pkg/usr/lib/libggml-cpu.so	symlink	16			libggml-cpu.so.0
A-pkg/usr/lib/libggml-sycl.so	symlink	17			libggml-sycl.so.0
A-pkg/usr/lib/libggml.so	symlink	12			libggml.so.0
A-pkg/usr/lib/libllama-batched-bench-impl.so	file	43360	56921316ff769f5253d195c147047bc338253779c158fd2901e33bf45c72b5e2		
A-pkg/usr/lib/libllama-bench-impl.so	file	410728	d749622e92963e2a81f3a222f87870727684a0f2b362f4901854716da90f1503		
A-pkg/usr/lib/libllama-cli-impl.so	file	217176	fc1a799b3b197fdcf759ca37425c1dca75f758ea83bf174f5737b8db1dbef7e4		
A-pkg/usr/lib/libllama-common.so	symlink	20			libllama-common.so.0
A-pkg/usr/lib/libllama-completion-impl.so	file	85040	377c8addb61c5624f237d0495a1f598deaf9fa991538838a92f251c7afc11724		
A-pkg/usr/lib/libllama-fit-params-impl.so	file	30952	6566142c9b51a30237202aa18367a02b67da45ebe9bd9b935e8881af7f40ae51		
A-pkg/usr/lib/libllama-perplexity-impl.so	file	146424	b68b3b58f811990c4ffc8953ccddc340e77e8942d673b641d74fa11d97baeaa1		
A-pkg/usr/lib/libllama-quantize-impl.so	file	72224	8e884c2029e741781590ec2fe8570eaa6dc8793d97496b687b44e2e3edbd6299		
A-pkg/usr/lib/libllama-server-impl.so	file	6589344	2fb8fcf9362828b25e250489e1b01e3ad5e6b4b723371aa0d319128f818b0c07		
A-pkg/usr/lib/libllama.so	symlink	13			libllama.so.0
A-pkg/usr/lib/libmtmd.so	symlink	12			libmtmd.so.0
C-quiet.log	file	1346	a2e8955fe9c8dc0b2cb5c61bbc4e1ecde843801c67467941337956de4da44eda		
N-xe-trace/ur-l0-debug.log	file	0	e3b0c44298fc1c149afbf4c8996fb92427ae41e4649b934ca495991b7852b855	K-aocc-ceoff-mmap/dmesg-after.txt	
N-xe-x1-trace/perf-record.log	file	182	8b6c669db019946fa6e35b1858c77799e60e042432e8d5b01c6ea5e8097e3320		
N-xe-x4-pinned-ceon/perf-record.log	file	188	bc76f4253cee4f87055d560c546e0810bf62b15000924ce23f00a86109414c98		
N-xe-x5-bcsds1/perf-record.log	file	183	e2a519f60f740e4ea0dd03b91a01094e06b869c442ec7e46fc6816533e9263a7		
N-xe-x6-noscratch/perf-record.log	file	186	d8ece8ad655cb5e138c4eae121557f98e6f57226fc8435649135bbf6cd4730e3		
N-xe-x7A-neomaster/perf-record.log	file	190	6e0b7b29e30e607457b49ee0dfaf2ce80e02abc1a9198ce5b5dc62c8ecbee775		
N-xe-x7B-neomaster/perf-record.log	file	187	e908375c78807be6424a4e8e3233b6cd3cdd203f9c4bea4045ffb2d7343524ec		
N-xe-x7F-neopatch-hardened/perf-record.log	file	195	1e01c46fa935e649fcd92a14693abd1d32f1f81157cbebb8a2a7742315124df9		
N-xe-x7G-pkg-be85a8d685-retry/perf-record.log	file	202	e76f1982a64c05ef57864dc970c2e7d4b69f2d320fda03a49accee11d441072e		
N-xe-x7H-pkg-be85a8d685-noretry/perf-record.log	file	629	233e5a5b639f28ba6a88f9f3aec7600a5bafd41cd09fcc05684509125b6b8914		
N.log	file	1349	61ddeccbadc15c108f5696464a25ea062832874e99635748a0907f98361cc6d2		
__pycache__/longcheck.cpython-314.pyc	file	4491	2b2bd73813f62f8805c8437e4006236d7a51934389dfffd74ba4561d62eafe01		
__pycache__/matrix2-spec.cpython-314.pyc	file	6953	ab2757040431678940da0ca87c82ea96cc6ec667539b7707eecf81ed9076bd40		
decode/matrix.log	file	2097	65375cb9950e14a23ec39edeb6cada374adf51d993610c402758ea6560551280		
decode/old-4e7400c3a/usr/lib/libggml-base.so	symlink	17			libggml-base.so.0
decode/old-4e7400c3a/usr/lib/libggml-cpu.so	symlink	16			libggml-cpu.so.0
decode/old-4e7400c3a/usr/lib/libggml-sycl.so	symlink	17			libggml-sycl.so.0
decode/old-4e7400c3a/usr/lib/libggml.so	symlink	12			libggml.so.0
decode/old-4e7400c3a/usr/lib/libllama-batched-bench-impl.so	file	43360	05927efba8cc1ba1dbcbe748c173d44626a34f8255954b957603f06032847354		
decode/old-4e7400c3a/usr/lib/libllama-bench-impl.so	file	410728	4fd8e8147781ce832b679b6fa7041456349e99c97932825347a65e98787489a4		
decode/old-4e7400c3a/usr/lib/libllama-cli-impl.so	file	217168	a34f9b63bda4b5118f9494b78248f10695da4a7e2503746d2dd66300bcdf4d3b		
decode/old-4e7400c3a/usr/lib/libllama-common.so	symlink	20			libllama-common.so.0
decode/old-4e7400c3a/usr/lib/libllama-completion-impl.so	file	85040	8fb4af84057c10f9b31b936dc15ede93aa6082492bda045833f94bdcae7a95bf		
decode/old-4e7400c3a/usr/lib/libllama-fit-params-impl.so	file	30952	a02f290e80794ced044d6f5f34ba4a8820ef718d540345b15da1dbadee66dd6c		
decode/old-4e7400c3a/usr/lib/libllama-perplexity-impl.so	file	146424	7aabe1b6d1f003a4b1b0a85f5be0275ec0be0cc7cff9634c60bf941220a4a122		
decode/old-4e7400c3a/usr/lib/libllama-quantize-impl.so	file	72216	7740586764b7d741c2ff05329f313d0c125db0ef9c485aad0113dad990278b9a		
decode/old-4e7400c3a/usr/lib/libllama-server-impl.so	file	6593440	9ed6dc255a7fb80b98f9bc3df5b343b29db2014c59208d4e3547dbeb2b3b9d15		
decode/old-4e7400c3a/usr/lib/libllama.so	symlink	13			libllama.so.0
decode/old-4e7400c3a/usr/lib/libmtmd.so	symlink	12			libmtmd.so.0
decode/quiet-attempt1-5min.log	file	578	6058c35691b54081e202d5b51feda15969c94d1bb0aee00e1ac0180aa0a21b33		
decode/quiet.log	file	482	f9eba023d52512260b26a59c3f593708af30fab270c9658e85bb91a163f1beea		
grf/ppl-grf0-repeat.log	file	2932	406408e62f15260fb24c2a4fdf293cfee0e9acaaecc9106c20ea749561462f7e		
grf/ppl-grf0.log	file	2932	c177cd85d647c6a7d37115d869bbdd44384029e8fbff643a163827afecfe6aea		
grf/ppl-grf1-repeat.log	file	2933	227a02e10bf4154f3103a856bdf0d0e185a95543d3c16a8f58bca2896ee3d8fe		
grf/ppl-grf1.log	file	2931	f2033f532c0fd84e98506062271565c24fb847e29b575ed7078d9de6201872e1		
grf/ppl-run.log	file	244	d21f12b5a9ad9d3c4f03a01754cdbf660f31e3393e0924104e0560bf29f0ade9		
grf/ppl2-run.log	file	317	7cdd53879b5e0430a6b96fa33d9e292a4927a0cecabec870d89602f5a8253715		
grfbench/phase1.log	file	805	aa400139a4fd1589adbe9b635b490293a2f1bff18b7c4c712641bc656b36c461		
grfbench/phase2.log	file	496	820f5e0791fb76e599bdb84f474f4ae043103291d75c60cfa7bbb24c62aa0365		
grfbench-moeoff/run.log	file	1467	e4203169e4e32dce71bed668a9c2a4c4cc40d7982246c3794c48113ce9684852		
matrix-1006/master-part1.log	file	2120	25caa5f4b470a8976d9e5ddac3eb529146bfd57a5efb175c266e91169fbf1806		
matrix-1006/master.log	file	109845	ce1ab6ac8a9947f9c80211cc844c28d601b453664b9ac14544a8267e6d43993a		
matrix-1006/monitor/dmesg-stream.log	file	4050441	3ac440279cc916d531e99cf173ea88ebc7a6d22e7eeb531004a834004a93b79f		
matrix-1006/monitor/series.log	file	4099086	ad72b5f43dfd44f7e240a8866c12dd519dadfc907bb5fb1e82a21238194b40aa		
matrix-1006/ngram/ngcache.r0.server.log	file	13562	110c1ee0a1a70f32785676506defd10af74fe174b0df703ff411425ecc781af8		
matrix-1006/ngram/ngcache.r1.server.log	file	13562	0a8b7a95d6b60cf14cfc2c81e9cf298f2ebcbd6d3becebdb6bc9efde0eb49528		
matrix-1006/ngram/ngmapk.r0.server.log	file	13236	f66d6933bb084df733d14263584d657ac0a348a1e2e3739536f03354180e574a		
matrix-1006/ngram/ngmapk.r1.server.log	file	13236	b981a3c7a9d545c516ee796049c629e25f112813c90cbc232f241ee28524bb65		
matrix-1006/ngram/ngmapk4v.r0.server.log	file	12929	cd6e1f151491f61cc36cc0f86773b83a048f35cf2b99accf48878f35fdc0d13f		
matrix-1006/ngram/ngmapk4v.r1.server.log	file	12929	e2e6f84a2347e1febeeeb708427dd41fb8f12402a793884e7db1b2747c7a5dd3		
matrix-1006/ngram/ngmod.r0.server.log	file	13208	2128779c212c14c638dd9b2a67d3ae44768d66e1ae58c3973f9e191236242aa5		
matrix-1006/ngram/ngmod.r1.server.log	file	13103	e71a88de8ec6f3fa9c3c575c512d09a14ba677e80642c7c30c44b23828f8735e		
matrix-1006/ngram/ngmod_lmauto.r0.server.log	file	13248	35cbf3c2c7190b918a237d75d5b3b996c6407231bd2c38dffdd87ad01901a522		
matrix-1006/ngram/ngmod_lmauto.r1.server.log	file	13028	0130d5d3b932557eae0986c970e1c2dcd340a2308c364520a2c6ce9b1af176a6		
matrix-1006/ngram/ngmod_mcauto.r0.server.log	file	16510	f64c51993495beac76a42c860f632b0aa36309c754edbebde237f9d2c558927a		
matrix-1006/ngram/ngmod_mcauto.r1.server.log	file	16404	b09fdab9d7aabceefd53fea219c7046fd603d2d775273fe01d0f27084ee39830		
matrix-1006/ngram/ngmod_prefetch4.r0.server.log	file	9336	24f8e8f405f77f8ccc9b9d017e960f6b9a56649afe5ddfeab83492cbb94526e7		
matrix-1006/ngram/ngmod_prefetch4.r1.server.log	file	9336	571ac45c56c4cae392875c644bf691b5b7907868d18bd4f0754142ad2dfd39a9		
matrix-1006/ngram/ngmod_small.r0.server.log	file	13360	56d7f9aa9def54d0642dba903823acaac79ca0126b7637bd1e5e296527a6f495		
matrix-1006/ngram/ngmod_small.r1.server.log	file	13462	ea6c1b31cf88f8c6da33abcaab796413cb3898eca8d94055b6c41cbe1ab18e5e		
matrix-1006/ngram/ngsimple.r0.server.log	file	11969	a8095fd89280645c73c9f98462afa5e11952281fdd05bcec19a7e3c9285cd2ef		
matrix-1006/ngram/ngsimple.r1.server.log	file	11969	32a4f9b30dbfa2c819df78d48c11ea50d4cc2de5d0967621edffdb191914fe3d		
matrix-1006/ngram/none.r0.server.log	file	11734	b7c26f7006c9cbed3d291f780b921347e8708ced0059f7e731191bca9b1fc9c7		
matrix-1006/ngram/none.r1.server.log	file	11734	5fbeedcd105c3ab7a3b01a55166924c27e9d827915bb4537917a2263cf0f2c22		
matrix-1006/ngram/none_mcauto.r0.server.log	file	17127	5b6824b496a8f09da96c7eaf2597cb9f0a8a64131eaeb7c7314d7479341dd442		
matrix-1006/ngram/none_mcauto.r1.server.log	file	17022	40a86cd0fc5d5aefabdac1d22b8cc2ccc41a364778896bee7fbb4cac8878d385		
matrix-1006/oracle/gate.mklfa0.log	file	12636	2bbbf27c5f5ceb414912b2261dd4e5d1f7ff3dc285385f3e6c4a804a519f1206		
matrix-1006/oracle/gate.mklfa1.log	file	13088	987d71173b39dba28a83f7879c2a4bdf0b8f6110a157dd432fc4c2b27b959796		
matrix-1006/spec2/llama8b.ngmapk4v.r0.server.log	file	14486	242e60961adea5aa01cb459edda8193db21ef94507231690bf2adc6389b4838a		
matrix-1006/spec2/llama8b.ngmapk4v.r1.server.log	file	14486	8cfc51e3eb8f322ba067842a3295596891fa5ccbdb7fa0b766d1ff5d337c72f4		
matrix-1006/spec2/llama8b.ngmod.r0.server.log	file	13114	ac41f22a29412b96dbda55cd7374b1710c48ad1134a5db7d85daec4d96ea409b		
matrix-1006/spec2/llama8b.ngmod.r1.server.log	file	13114	d88da83687fd0accb47b70b93e848e2e366019fde2df25f10881b5aa63da6c97		
matrix-1006/spec2/llama8b.ngsimple.r0.server.log	file	13503	05c75d4265940fb175884aa7431f59a361bd359e3a9633fd426eb356ca36d3ee		
matrix-1006/spec2/llama8b.ngsimple.r1.server.log	file	13503	51d788b11aa912d7609fdf2ecf09c4714762043570ffe6d9858a6d891898a1db		
matrix-1006/spec2/llama8b.none.r0.server.log	file	12551	090ce47123cdbdd91c5b5d9acd538db0ef75ba3a6470c90a4e1fd5c2fa34a21a		
matrix-1006/spec2/llama8b.none.r1.server.log	file	12551	507c0801781b940bba23433e0d4ce0068a14e0ba2a1a9399184d1a0361ed78ab		
matrix-1006/spec2/ornith.ngmapk4v.r0.server.log	file	17897	cfe11440a64ae7b3e4189313d9b7749ebdc087358eaf2b05f42cc38e43ba9d66		
matrix-1006/spec2/ornith.ngmapk4v.r1.server.log	file	17639	b74bb1e8d7b09916eb54a94d886a2355de2458dd97da068f6bd1134047fa9ad1		
matrix-1006/spec2/ornith.ngmod.r0.server.log	file	20061	d7b86a1e85b69a70b89033768cbdf55d8ea56d712a4ed0dbe5098afbcb37af6d		
matrix-1006/spec2/ornith.ngmod.r1.server.log	file	16904	236a2cec97943830652b9452588397b1338c94a580d341a17f07f4ee9d4456f0		
matrix-1006/spec2/ornith.ngsimple.r0.server.log	file	17193	571b224042943de832c499e6ade7c0a2bc5ce1782e192a503e4bc657f71d0473		
matrix-1006/spec2/ornith.ngsimple.r1.server.log	file	17513	575d422390d6daeea156fb414d13e042a61b7792b1615b3919c2cc0249fee309		
matrix-1006/spec2/ornith.none.r0.server.log	file	15953	ab32db346f5c641587299aa73312302ad1639fe5a76fad2d9eaa0c7294178682		
matrix-1006/spec2/ornith.none.r1.server.log	file	16165	90522ac43880fced15261570a4e3b2858ce6a7ef8759c1e5c662aa1a5652adc2		
matrix-1006/spec2/prefetch0.r0.server.log	file	15953	79b45cd2bc6836d1a72dc91c994aba9aee7abd41ea7a6fc5af2592deacb65964		
matrix-1006/spec2/prefetch0.r1.server.log	file	15953	864a8b58ccb2ade93dee64f329d24fd09ec9282a29aa56f3983de1b980021082		
matrix-1006/spec2/prefetch0_fit3072.r0.server.log	file	16945	10389c55a22eaff049167bf35d8fdea930e89571693dece57a88014f4605821a		
matrix-1006/spec2/prefetch0_fit3072.r1.server.log	file	16947	cd4aff6ddb2cb236df938127449ea9384fd16262e059887ada46fda66b04ef4a		
matrix-1006/spec2/prefetch0_nocopy.r0.server.log	file	15953	146b02ff6a42a340cdf958af85770d1b94b10d14d922dc71b25b49b1a8117e0b		
matrix-1006/spec2/prefetch0_nocopy.r1.server.log	file	16164	023521fcbf72ec2e782fc576e1241e1fee6d6f353e21e26c65a20a42b567d082		
matrix-1006/spec2/prefetch2.r0.server.log	file	15932	7ffdaec3dd8e401909bcf527c1c4163a0a609a85db55c1a5a8327e149533252f		
matrix-1006/spec2/prefetch2.r1.server.log	file	15953	5d7b3f8455f0429d6783ae42359395fe3a4798dcd1bac6a23d5797cc127c8326		
matrix-1006/spec2/prefetch4.r0.server.log	file	15953	e15e786e4d42987b0f05e04be4121aafec319e91e10dbfa2821f6e066608d074		
matrix-1006/spec2/prefetch4.r1.server.log	file	15848	afff7ca5baa3caa3017271ead32dc0db4e8a3e88a87106824ac73dff205c4070		
matrix-1006/spec2/prefetch4_fit3072.r0.server.log	file	17243	3955187f91078c108635a2fc6217a964f02c0665e6f4300ea7528c29422cf7d8		
matrix-1006/spec2/prefetch4_fit3072.r1.server.log	file	17348	45310c09b8b620d2daa237016f6a5519d32e2b00c2eeda44d0edc5e0b9ab8947		
matrix-1006/spec3/mtp_n3.r0.server.log	file	20238	27eb435f38351b42918d3962f4f17ac7b2720c0c89cf9f6a52b24c68681d1f2f		
matrix-1006/spec3/mtp_n3.r1.server.log	file	20909	c8c90819412c8ba0c8e17e8671575596664f83008a3e4deb50e51df2555daea1		
matrix-1006/spec3/mtp_n6.r0.server.log	file	21031	7cf184a5cf0c74e6796e6760a29627f4317aff8471b9d9832ffc1457c2e03271		
matrix-1006/spec3/mtp_n6.r1.server.log	file	21522	fc9f9cb36ce599caf998a59a1504cc0db96f675315b1bb6bbfbabf71381d3778		
matrix-1006/spec3/mtp_n6_chain4.r0.server.log	file	20431	de6f483b647fabc0b3db8e28052c309d6884a57cad337309b59e33d7c5c1992b		
matrix-1006/spec3/mtp_n6_chain4.r1.server.log	file	21239	355af84dc257b17337037e436f3ff358b8d753d62b527502e27db98accaced49		
matrix-1006/spec3/mtp_n6_fit3072.r0.server.log	file	21061	1804039b22ea311b2d650c7cf26ef12ecd81d52c5081d5f30082b858310db776		
matrix-1006/spec3/mtp_n6_fit3072.r1.server.log	file	20819	46fa232ab70a9e174389e75a94961900c91f1ce987af46f49aae3acc1d2c797e		
matrix-1006/spec3/mtp_ngmod.r0.server.log	file	7302	663e6e97f2608603bc3cd6facfae71a9e3c96c676193b3d7d24769fbf45efb93		
matrix-1006/spec3/mtp_ngmod.r1.server.log	file	7303	46e9e8fa5ad43122494445a87a9c88bb00c5108408c207bf73715544cb9afe23		
matrix-1006/spec3/mtp_ngsimple.r0.server.log	file	7303	ef7d0a70fe5993e48d7f27b8ccdd7948f5c1b0d63af655daca1153821fe51d0f		
matrix-1006/spec3/mtp_ngsimple.r1.server.log	file	7303	42055dc59f996a385a3523fc3e803047b6774bfd0ad7ea462c25565cb7c66ac4		
matrix-1006/spec3/mtp_none.r0.server.log	file	22611	77917bbad2ad8fe8d1610dda080cbec4e763cfcacce6e14bcf92e618644c9553		
matrix-1006/spec3/mtp_none.r1.server.log	file	22666	a725edf34aa4e9599f0cb5cf3bfe3e66b2e69c73773e3d07e9fa01718a3fecd7		
matrix-1006/spec3/p0_base.r0.server.log	file	15952	11dabb17ccd5d113086442cf3d7bbca16b9b44762ad798219ad7dfe00d1397d2		
matrix-1006/spec3/p0_base.r1.server.log	file	16110	cfd13ac94ec83cfeb6813a023c9943f1c3a9220a5eac45e06b5b22f4626b242e		
matrix-1006/spec3/p2_base.r0.server.log	file	16005	36a4f8f6371a0f8ea361d59db597eacfa455d4748c7f9de6a8f1c88b9c9b5a2d		
matrix-1006/spec3/p2_base.r1.server.log	file	16111	3942142127380edcb324efc1599ee9236ed523b5817376436b68f739cc150818		
matrix-1006/spec3/p4_base.r0.server.log	file	17311	49126e2dfa028e13cbc36353c05e9852137cf272e465e39ce4135f6651855199		
matrix-1006/spec3/p4_base.r1.server.log	file	16110	75a9bd2f23055f88626203783767a5d0ed3eded6586d32511b67bf37de709f47		
matrix-1006/spec3/p4_fit2048.r0.server.log	file	16408	5edd2325f611de1a09799499c313a4dbf4db68a15098483ca27fe28815b13553		
matrix-1006/spec3/p4_fit2048.r1.server.log	file	17042	2f1bbffb6f1b87b61bd25f7cca826fe9214a7fbccc8ff60ce7cee782f3d36203		
matrix-1006/spec3/p4_fit3072.r0.server.log	file	17296	757cfbe33f63c9bd17ed5311e62288952002e422792d31e3d0aa2b55147c81f1		
matrix-1006/spec3/p4_fit3072.r1.server.log	file	17400	a44781f772652d8a05c4a67a60da9984e78bb05183f4c47efec2d6652c1a46ea		
matrix-1006/spec3/p4_hookdefault.r0.server.log	file	16393	7392105b993c79299fd1944cd5ce7a850df5e5faf60e0a629885757c7fe8eb02		
matrix-1006/spec3/p4_hookdefault.r1.server.log	file	16288	27ec6503183d51ad170a8aea6be49f6dc0052f582f077d5fcba4d385cf2e5add		
matrix-1006/spec3/p4_ur1.r0.server.log	file	16153	76df31c7e8d874ab6c43cd2ab2afdee4db616ae089ac19ec01aa1d3b454e6d8d		
matrix-1006/spec3/p4_ur1.r1.server.log	file	16259	71c59dfb1983692175d6f51080c64d04ab99ada4b232320f4c5220ff3a3f52eb		
matrix-1006/spec3/p4_ur1_fit3072.r0.server.log	file	17191	9f5b90e56fb77c37b5a2687935a306fea8e9d343d8b4675e3507e8ee15e7151f		
matrix-1006/spec3/p4_ur1_fit3072.r1.server.log	file	17400	924762179ca331196bb54d6fd54941f8f7a38c38dd300fee9602d02c3a0669ac		
matrix-1006/spec3/p4_vmm0.r0.server.log	file	16005	a6173290d3d0fb5fc39a864454dc9cb7c09b37c76f9249b1c2ceb557a67dcda3		
matrix-1006/spec3/p4_vmm0.r1.server.log	file	16153	b1d2a08e889e6b6816b28d5f155c764e1565d78d480492919c96a16da388bfdf		
matrix-1006/spec4/ccs1_mcauto_ngmod.r0.server.log	file	44677	8bdd9b55a0b3fe3c64a8ea7121a5e8811bfb2ad0cdcb4670d0dafc02e938cf34		
matrix-1006/spec4/ccs1_mcauto_none.r0.server.log	file	45442	9f1f4e9804cf955bac4ed86a440078f5d62f95f37093e98f8141d586d7f5fe81		
matrix-1006/spec4/ccs1_ngmod.r0.server.log	file	32099	38f4674aa828145b3466ab5a370d157121f293f38df010d6534225c4e0173cb3		
matrix-1006/spec4/ccs1_ngsimple.r0.server.log	file	31808	61eddea3248f246d816804b0d3458b4942db497b400d258612097822f021e484		
matrix-1006/spec4/ccs1_none.r0.server.log	file	30153	39d86f0ae9c4928170cab113ffa42d3e1de8ae9dc5e2ed34ab5002469e417cc2		
matrix-1006/spec4/ccs2_none.r0.server.log	file	31626	6a8b40026e4bd6cafbde713dfc7c50300a59efcded35722a16964ff559ee1389		
matrix-1006/spec4/pfng_fit1024.r0.server.log	file	9020	e635fb8b711fbd4578ede5a9d63ed62c5691da30f1259f57e5bbd217a6485c04		
matrix-1006/spec4/pfng_fit3072.r0.server.log	file	33459	96f978cb5f4300b8e1e15c2da5f80c14a803a378c3fba58c2ba6d3723b75b0e4		
matrix-1006/spec4/pfng_noprefetch.r0.server.log	file	31333	dd13453ad213ce9807f3311f773d6dd42e0259462cf1f726940c942c7895dbab		
matrix-1006/spec4/pfng_ur1.r0.server.log	file	9020	b33dbecbce05b0dda18ef76d5f894f4c9a544d19c695bbf817529df5c77f4d65		
matrix-1006/spec4/pfng_vmm0.r0.server.log	file	4903	b9a9ecea92f8c4198edbcd6efc6dbfd2d31ed03a657b34e3f9a6fbd504051d29		
matrix-1006/spec4/q4exp_ngmod_fit2048.server.log	file	39211	0060a7545e8812baa559be8d008a0d72e535f1ba65f2ed992ca8803c5d86198e		
matrix-1006/spec4/q4exp_ngmod_fit3072.server.log	file	38252	b83c9d0c1a808e99f7d101e896999497a5a6c2fef0acd64c5b527b9a16ca4a47		
matrix-1006/spec4/q4exp_ngsimple_fit2048.server.log	file	39218	0335c3e3fd1a239f5c37ef92249f4ac8a82a8a2241e7728f59724fbbc54fc36e		
matrix-1006/spec4/q4exp_ngsimple_fit3072.server.log	file	39250	0003b92ad57f227ae7388cf5007a1329581d9f7c736bc55f216ffa386402c58e		
matrix-1006/spec6/ngmod.r0.a1.server.log	file	31135	7e299475de454cd90f0cc21476922682fe3c537070107e086af03a9b2c1f0a4a		
matrix-1006/spec6/ngmod.r1.a1.server.log	file	31275	d45eace6dd35362693b7ef864748c011336319b361ac0600becdf58401c23aeb		
matrix-1006/spec6/ngmod.r2.a1.server.log	file	31459	da724882bacf4748043def4569bc71b6ccc6830920e0aa3936bba377e6331a30		
matrix-1006/spec6/ngsimple.r0.a1.server.log	file	31828	78678e834c001108332fa4a194bf32322ee816bf80758534904fe349c431f5b4		
matrix-1006/spec6/ngsimple.r1.a1.server.log	file	31213	f5f8a4d10aa295010a9dd3203e0f99911a6e506bf5cb7c852eb6759888be2446		
matrix-1006/spec6/ngsimple.r2.a1.server.log	file	11272	d04b64a3356248edfd0ad90a5fdc770d6550259a5a0400fbdc1b486b94f8b2a9		
matrix-1006/spec6/ngsimple.r2.a2.server.log	file	31483	a91ff339a425fc96d55214c05bff6a7337e8797ee6356e7ac33f5ae55804f365		
matrix-1006/spec6/none.r0.a1.server.log	file	28798	4335d82b2ef42cb55371ceca089a594ca44f1867ba2330481201a7864a715705		
matrix-1006/spec6/none.r1.a1.server.log	file	28725	041ac7363ea2a3c95a223e9756fac5c34db5d81e2db56c2994a8afb14df1a314		
matrix-1006/spec6/none.r2.a1.server.log	file	28515	26883b374f52c468891b29748b59e2ba3d3d4fec55cc8966fe2c92dc8ed53138		
matrix-1006/sysfs-writes.log	file	4060	5506abbb22558cab98180c8483e41bf11d2ddcc7d63cb4218ef78f0c7930901e		
matrix-1006/wgcheck/wg16.l0.server.log	file	12399	127ac41ec6a656d3bf8a7a2deff76ab663253b336961e6390739d80941f42fc0		
matrix-1006/wgcheck/wg16.l3.server.log	file	11817	d0af16655d0f4aee2f8676a8d25ce6bba6628caa4a9bb657f69050d074ba1470		
matrix-1006/wgcheck/wg32.l1.server.log	file	11765	a3aaae4866fed94f6bccf167dffc23d68f875829ed79712c55f42a9573aa1dca		
matrix-1006/wgcheck/wg32.l2.server.log	file	11817	aa08621ce79de9a7ac9de983eda16423517d139c4f3cfb6eb2ddfc95379c5d80		
matrix-ngram-stdout.log	file	1865	39acada5078d285a70c5f5386f4a61f8ac381b9eaf73a098578cb30716d0e39e		
matrix-stdout.log	file	2120	25caa5f4b470a8976d9e5ddac3eb529146bfd57a5efb175c266e91169fbf1806	matrix-1006/master-part1.log	
matrix-stdout2.log	file	24910	257c809d60d8034d64714e86257c878c2de6c0f4f873b8b661fe68d678b1e0ac		
matrix2-oracle-stdout.log	file	374	6706755cb44132d4c2dc82f65e1942f5fae2ee69039d68bb6770047bd85e4244		
matrix2-stdout.log	file	34833	a00b2b82a4a85c3dff6fb499eb0ed7865297581aa60d2d833a650c5b099a8514		
matrix3-stdout.log	file	15883	a224de5b7b3d5f0d64f267040654e0aa973844de8843670c99ef19ed46a66d18		
matrix4-stdout.log	file	1378	36d8092a5cf5a306d212e66a8cd2d78d9fccc593d20bc2949f786f35b15a045e		
matrix4b-stdout.log	file	17987	76339bbb020ed5d06e23ce01f090c71cee1899105f481fde0b65134b73bfa164		
matrix5-stdout.log	file	0	e3b0c44298fc1c149afbf4c8996fb92427ae41e4649b934ca495991b7852b855	K-aocc-ceoff-mmap/dmesg-after.txt	
matrix6-stdout.log	file	1807	ad6e86bce9d4a1594c1a4007eb9cd651510a2c94da74c8b179426810fd7d0faa		
matrix7-stdout.log	file	1029	613b1b0af541f415b2cf553f1e149a23c90c861e31e74e248bcafa8643aea26c		
old-b12321/usr/lib/libggml-base.so	symlink	17			libggml-base.so.0
old-b12321/usr/lib/libggml-cpu.so	symlink	16			libggml-cpu.so.0
old-b12321/usr/lib/libggml-sycl.so	symlink	17			libggml-sycl.so.0
old-b12321/usr/lib/libggml.so	symlink	12			libggml.so.0
old-b12321/usr/lib/libllama-batched-bench-impl.so	file	43360	05927efba8cc1ba1dbcbe748c173d44626a34f8255954b957603f06032847354	decode/old-4e7400c3a/usr/lib/libllama-batched-bench-impl.so	
old-b12321/usr/lib/libllama-bench-impl.so	file	410728	4fd8e8147781ce832b679b6fa7041456349e99c97932825347a65e98787489a4	decode/old-4e7400c3a/usr/lib/libllama-bench-impl.so	
old-b12321/usr/lib/libllama-cli-impl.so	file	217168	a34f9b63bda4b5118f9494b78248f10695da4a7e2503746d2dd66300bcdf4d3b	decode/old-4e7400c3a/usr/lib/libllama-cli-impl.so	
old-b12321/usr/lib/libllama-common.so	symlink	20			libllama-common.so.0
old-b12321/usr/lib/libllama-completion-impl.so	file	85040	8fb4af84057c10f9b31b936dc15ede93aa6082492bda045833f94bdcae7a95bf	decode/old-4e7400c3a/usr/lib/libllama-completion-impl.so	
old-b12321/usr/lib/libllama-fit-params-impl.so	file	30952	a02f290e80794ced044d6f5f34ba4a8820ef718d540345b15da1dbadee66dd6c	decode/old-4e7400c3a/usr/lib/libllama-fit-params-impl.so	
old-b12321/usr/lib/libllama-perplexity-impl.so	file	146424	7aabe1b6d1f003a4b1b0a85f5be0275ec0be0cc7cff9634c60bf941220a4a122	decode/old-4e7400c3a/usr/lib/libllama-perplexity-impl.so	
old-b12321/usr/lib/libllama-quantize-impl.so	file	72216	7740586764b7d741c2ff05329f313d0c125db0ef9c485aad0113dad990278b9a	decode/old-4e7400c3a/usr/lib/libllama-quantize-impl.so	
old-b12321/usr/lib/libllama-server-impl.so	file	6593440	0aa42a4bcc7014fced49607208ee26aca8d7f1d171223a2a53cd45f92b31ebae		
old-b12321/usr/lib/libllama.so	symlink	13			libllama.so.0
old-b12321/usr/lib/libmtmd.so	symlink	12			libmtmd.so.0
oneapi-ab/A-pkg/usr/lib/libggml-base.so	symlink	17			libggml-base.so.0
oneapi-ab/A-pkg/usr/lib/libggml-cpu.so	symlink	16			libggml-cpu.so.0
oneapi-ab/A-pkg/usr/lib/libggml-sycl.so	symlink	17			libggml-sycl.so.0
oneapi-ab/A-pkg/usr/lib/libggml.so	symlink	12			libggml.so.0
oneapi-ab/A-pkg/usr/lib/libllama-batched-bench-impl.so	file	43360	56921316ff769f5253d195c147047bc338253779c158fd2901e33bf45c72b5e2	A-pkg/usr/lib/libllama-batched-bench-impl.so	
oneapi-ab/A-pkg/usr/lib/libllama-bench-impl.so	file	410728	d749622e92963e2a81f3a222f87870727684a0f2b362f4901854716da90f1503	A-pkg/usr/lib/libllama-bench-impl.so	
oneapi-ab/A-pkg/usr/lib/libllama-cli-impl.so	file	217176	fc1a799b3b197fdcf759ca37425c1dca75f758ea83bf174f5737b8db1dbef7e4	A-pkg/usr/lib/libllama-cli-impl.so	
oneapi-ab/A-pkg/usr/lib/libllama-common.so	symlink	20			libllama-common.so.0
oneapi-ab/A-pkg/usr/lib/libllama-completion-impl.so	file	85040	377c8addb61c5624f237d0495a1f598deaf9fa991538838a92f251c7afc11724	A-pkg/usr/lib/libllama-completion-impl.so	
oneapi-ab/A-pkg/usr/lib/libllama-fit-params-impl.so	file	30952	6566142c9b51a30237202aa18367a02b67da45ebe9bd9b935e8881af7f40ae51	A-pkg/usr/lib/libllama-fit-params-impl.so	
oneapi-ab/A-pkg/usr/lib/libllama-perplexity-impl.so	file	146424	b68b3b58f811990c4ffc8953ccddc340e77e8942d673b641d74fa11d97baeaa1	A-pkg/usr/lib/libllama-perplexity-impl.so	
oneapi-ab/A-pkg/usr/lib/libllama-quantize-impl.so	file	72224	8e884c2029e741781590ec2fe8570eaa6dc8793d97496b687b44e2e3edbd6299	A-pkg/usr/lib/libllama-quantize-impl.so	
oneapi-ab/A-pkg/usr/lib/libllama-server-impl.so	file	6589344	2fb8fcf9362828b25e250489e1b01e3ad5e6b4b723371aa0d319128f818b0c07	A-pkg/usr/lib/libllama-server-impl.so	
oneapi-ab/A-pkg/usr/lib/libllama.so	symlink	13			libllama.so.0
oneapi-ab/A-pkg/usr/lib/libmtmd.so	symlink	12			libmtmd.so.0
oneapi-ab/C-quiet.log	file	1346	a2e8955fe9c8dc0b2cb5c61bbc4e1ecde843801c67467941337956de4da44eda	C-quiet.log	
oneapi-ab/N-xe-trace/ur-l0-debug.log	file	0	e3b0c44298fc1c149afbf4c8996fb92427ae41e4649b934ca495991b7852b855	K-aocc-ceoff-mmap/dmesg-after.txt	
oneapi-ab/N-xe-x1-trace/perf-record.log	file	182	8b6c669db019946fa6e35b1858c77799e60e042432e8d5b01c6ea5e8097e3320	N-xe-x1-trace/perf-record.log	
oneapi-ab/N-xe-x4-pinned-ceon/perf-record.log	file	188	bc76f4253cee4f87055d560c546e0810bf62b15000924ce23f00a86109414c98	N-xe-x4-pinned-ceon/perf-record.log	
oneapi-ab/N-xe-x5-bcsds1/perf-record.log	file	183	e2a519f60f740e4ea0dd03b91a01094e06b869c442ec7e46fc6816533e9263a7	N-xe-x5-bcsds1/perf-record.log	
oneapi-ab/N-xe-x6-noscratch/perf-record.log	file	186	d8ece8ad655cb5e138c4eae121557f98e6f57226fc8435649135bbf6cd4730e3	N-xe-x6-noscratch/perf-record.log	
oneapi-ab/N-xe-x7A-neomaster/perf-record.log	file	190	6e0b7b29e30e607457b49ee0dfaf2ce80e02abc1a9198ce5b5dc62c8ecbee775	N-xe-x7A-neomaster/perf-record.log	
oneapi-ab/N-xe-x7B-neomaster/perf-record.log	file	187	e908375c78807be6424a4e8e3233b6cd3cdd203f9c4bea4045ffb2d7343524ec	N-xe-x7B-neomaster/perf-record.log	
oneapi-ab/N-xe-x7F-neopatch-hardened/perf-record.log	file	195	1e01c46fa935e649fcd92a14693abd1d32f1f81157cbebb8a2a7742315124df9	N-xe-x7F-neopatch-hardened/perf-record.log	
oneapi-ab/N-xe-x7G-pkg-be85a8d685-retry/perf-record.log	file	202	e76f1982a64c05ef57864dc970c2e7d4b69f2d320fda03a49accee11d441072e	N-xe-x7G-pkg-be85a8d685-retry/perf-record.log	
oneapi-ab/N-xe-x7H-pkg-be85a8d685-noretry/perf-record.log	file	629	233e5a5b639f28ba6a88f9f3aec7600a5bafd41cd09fcc05684509125b6b8914	N-xe-x7H-pkg-be85a8d685-noretry/perf-record.log	
oneapi-ab/N.log	file	1349	61ddeccbadc15c108f5696464a25ea062832874e99635748a0907f98361cc6d2	N.log	
oneapi-ab/__pycache__/longcheck.cpython-314.pyc	file	4491	2b2bd73813f62f8805c8437e4006236d7a51934389dfffd74ba4561d62eafe01	__pycache__/longcheck.cpython-314.pyc	
oneapi-ab/__pycache__/matrix2-spec.cpython-314.pyc	file	6953	ab2757040431678940da0ca87c82ea96cc6ec667539b7707eecf81ed9076bd40	__pycache__/matrix2-spec.cpython-314.pyc	
oneapi-ab/decode/matrix.log	file	2097	65375cb9950e14a23ec39edeb6cada374adf51d993610c402758ea6560551280	decode/matrix.log	
oneapi-ab/decode/old-4e7400c3a/usr/lib/libggml-base.so	symlink	17			libggml-base.so.0
oneapi-ab/decode/old-4e7400c3a/usr/lib/libggml-cpu.so	symlink	16			libggml-cpu.so.0
oneapi-ab/decode/old-4e7400c3a/usr/lib/libggml-sycl.so	symlink	17			libggml-sycl.so.0
oneapi-ab/decode/old-4e7400c3a/usr/lib/libggml.so	symlink	12			libggml.so.0
oneapi-ab/decode/old-4e7400c3a/usr/lib/libllama-batched-bench-impl.so	file	43360	05927efba8cc1ba1dbcbe748c173d44626a34f8255954b957603f06032847354	decode/old-4e7400c3a/usr/lib/libllama-batched-bench-impl.so	
oneapi-ab/decode/old-4e7400c3a/usr/lib/libllama-bench-impl.so	file	410728	4fd8e8147781ce832b679b6fa7041456349e99c97932825347a65e98787489a4	decode/old-4e7400c3a/usr/lib/libllama-bench-impl.so	
oneapi-ab/decode/old-4e7400c3a/usr/lib/libllama-cli-impl.so	file	217168	a34f9b63bda4b5118f9494b78248f10695da4a7e2503746d2dd66300bcdf4d3b	decode/old-4e7400c3a/usr/lib/libllama-cli-impl.so	
oneapi-ab/decode/old-4e7400c3a/usr/lib/libllama-common.so	symlink	20			libllama-common.so.0
oneapi-ab/decode/old-4e7400c3a/usr/lib/libllama-completion-impl.so	file	85040	8fb4af84057c10f9b31b936dc15ede93aa6082492bda045833f94bdcae7a95bf	decode/old-4e7400c3a/usr/lib/libllama-completion-impl.so	
oneapi-ab/decode/old-4e7400c3a/usr/lib/libllama-fit-params-impl.so	file	30952	a02f290e80794ced044d6f5f34ba4a8820ef718d540345b15da1dbadee66dd6c	decode/old-4e7400c3a/usr/lib/libllama-fit-params-impl.so	
oneapi-ab/decode/old-4e7400c3a/usr/lib/libllama-perplexity-impl.so	file	146424	7aabe1b6d1f003a4b1b0a85f5be0275ec0be0cc7cff9634c60bf941220a4a122	decode/old-4e7400c3a/usr/lib/libllama-perplexity-impl.so	
oneapi-ab/decode/old-4e7400c3a/usr/lib/libllama-quantize-impl.so	file	72216	7740586764b7d741c2ff05329f313d0c125db0ef9c485aad0113dad990278b9a	decode/old-4e7400c3a/usr/lib/libllama-quantize-impl.so	
oneapi-ab/decode/old-4e7400c3a/usr/lib/libllama-server-impl.so	file	6593440	9ed6dc255a7fb80b98f9bc3df5b343b29db2014c59208d4e3547dbeb2b3b9d15	decode/old-4e7400c3a/usr/lib/libllama-server-impl.so	
oneapi-ab/decode/old-4e7400c3a/usr/lib/libllama.so	symlink	13			libllama.so.0
oneapi-ab/decode/old-4e7400c3a/usr/lib/libmtmd.so	symlink	12			libmtmd.so.0
oneapi-ab/decode/quiet-attempt1-5min.log	file	578	6058c35691b54081e202d5b51feda15969c94d1bb0aee00e1ac0180aa0a21b33	decode/quiet-attempt1-5min.log	
oneapi-ab/decode/quiet.log	file	482	f9eba023d52512260b26a59c3f593708af30fab270c9658e85bb91a163f1beea	decode/quiet.log	
oneapi-ab/grf/ppl-grf0-repeat.log	file	2932	406408e62f15260fb24c2a4fdf293cfee0e9acaaecc9106c20ea749561462f7e	grf/ppl-grf0-repeat.log	
oneapi-ab/grf/ppl-grf0.log	file	2932	c177cd85d647c6a7d37115d869bbdd44384029e8fbff643a163827afecfe6aea	grf/ppl-grf0.log	
oneapi-ab/grf/ppl-grf1-repeat.log	file	2933	227a02e10bf4154f3103a856bdf0d0e185a95543d3c16a8f58bca2896ee3d8fe	grf/ppl-grf1-repeat.log	
oneapi-ab/grf/ppl-grf1.log	file	2931	f2033f532c0fd84e98506062271565c24fb847e29b575ed7078d9de6201872e1	grf/ppl-grf1.log	
oneapi-ab/grf/ppl-run.log	file	244	d21f12b5a9ad9d3c4f03a01754cdbf660f31e3393e0924104e0560bf29f0ade9	grf/ppl-run.log	
oneapi-ab/grf/ppl2-run.log	file	317	7cdd53879b5e0430a6b96fa33d9e292a4927a0cecabec870d89602f5a8253715	grf/ppl2-run.log	
oneapi-ab/grfbench/phase1.log	file	805	aa400139a4fd1589adbe9b635b490293a2f1bff18b7c4c712641bc656b36c461	grfbench/phase1.log	
oneapi-ab/grfbench/phase2.log	file	496	820f5e0791fb76e599bdb84f474f4ae043103291d75c60cfa7bbb24c62aa0365	grfbench/phase2.log	
oneapi-ab/grfbench-moeoff/run.log	file	1467	e4203169e4e32dce71bed668a9c2a4c4cc40d7982246c3794c48113ce9684852	grfbench-moeoff/run.log	
oneapi-ab/matrix-1006/master-part1.log	file	2120	25caa5f4b470a8976d9e5ddac3eb529146bfd57a5efb175c266e91169fbf1806	matrix-1006/master-part1.log	
oneapi-ab/matrix-1006/master.log	file	109845	ce1ab6ac8a9947f9c80211cc844c28d601b453664b9ac14544a8267e6d43993a	matrix-1006/master.log	
oneapi-ab/matrix-1006/monitor/dmesg-stream.log	file	4050441	3ac440279cc916d531e99cf173ea88ebc7a6d22e7eeb531004a834004a93b79f	matrix-1006/monitor/dmesg-stream.log	
oneapi-ab/matrix-1006/monitor/series.log	file	4099086	ad72b5f43dfd44f7e240a8866c12dd519dadfc907bb5fb1e82a21238194b40aa	matrix-1006/monitor/series.log	
oneapi-ab/matrix-1006/ngram/ngcache.r0.server.log	file	13562	110c1ee0a1a70f32785676506defd10af74fe174b0df703ff411425ecc781af8	matrix-1006/ngram/ngcache.r0.server.log	
oneapi-ab/matrix-1006/ngram/ngcache.r1.server.log	file	13562	0a8b7a95d6b60cf14cfc2c81e9cf298f2ebcbd6d3becebdb6bc9efde0eb49528	matrix-1006/ngram/ngcache.r1.server.log	
oneapi-ab/matrix-1006/ngram/ngmapk.r0.server.log	file	13236	f66d6933bb084df733d14263584d657ac0a348a1e2e3739536f03354180e574a	matrix-1006/ngram/ngmapk.r0.server.log	
oneapi-ab/matrix-1006/ngram/ngmapk.r1.server.log	file	13236	b981a3c7a9d545c516ee796049c629e25f112813c90cbc232f241ee28524bb65	matrix-1006/ngram/ngmapk.r1.server.log	
oneapi-ab/matrix-1006/ngram/ngmapk4v.r0.server.log	file	12929	cd6e1f151491f61cc36cc0f86773b83a048f35cf2b99accf48878f35fdc0d13f	matrix-1006/ngram/ngmapk4v.r0.server.log	
oneapi-ab/matrix-1006/ngram/ngmapk4v.r1.server.log	file	12929	e2e6f84a2347e1febeeeb708427dd41fb8f12402a793884e7db1b2747c7a5dd3	matrix-1006/ngram/ngmapk4v.r1.server.log	
oneapi-ab/matrix-1006/ngram/ngmod.r0.server.log	file	13208	2128779c212c14c638dd9b2a67d3ae44768d66e1ae58c3973f9e191236242aa5	matrix-1006/ngram/ngmod.r0.server.log	
oneapi-ab/matrix-1006/ngram/ngmod.r1.server.log	file	13103	e71a88de8ec6f3fa9c3c575c512d09a14ba677e80642c7c30c44b23828f8735e	matrix-1006/ngram/ngmod.r1.server.log	
oneapi-ab/matrix-1006/ngram/ngmod_lmauto.r0.server.log	file	13248	35cbf3c2c7190b918a237d75d5b3b996c6407231bd2c38dffdd87ad01901a522	matrix-1006/ngram/ngmod_lmauto.r0.server.log	
oneapi-ab/matrix-1006/ngram/ngmod_lmauto.r1.server.log	file	13028	0130d5d3b932557eae0986c970e1c2dcd340a2308c364520a2c6ce9b1af176a6	matrix-1006/ngram/ngmod_lmauto.r1.server.log	
oneapi-ab/matrix-1006/ngram/ngmod_mcauto.r0.server.log	file	16510	f64c51993495beac76a42c860f632b0aa36309c754edbebde237f9d2c558927a	matrix-1006/ngram/ngmod_mcauto.r0.server.log	
oneapi-ab/matrix-1006/ngram/ngmod_mcauto.r1.server.log	file	16404	b09fdab9d7aabceefd53fea219c7046fd603d2d775273fe01d0f27084ee39830	matrix-1006/ngram/ngmod_mcauto.r1.server.log	
oneapi-ab/matrix-1006/ngram/ngmod_prefetch4.r0.server.log	file	9336	24f8e8f405f77f8ccc9b9d017e960f6b9a56649afe5ddfeab83492cbb94526e7	matrix-1006/ngram/ngmod_prefetch4.r0.server.log	
oneapi-ab/matrix-1006/ngram/ngmod_prefetch4.r1.server.log	file	9336	571ac45c56c4cae392875c644bf691b5b7907868d18bd4f0754142ad2dfd39a9	matrix-1006/ngram/ngmod_prefetch4.r1.server.log	
oneapi-ab/matrix-1006/ngram/ngmod_small.r0.server.log	file	13360	56d7f9aa9def54d0642dba903823acaac79ca0126b7637bd1e5e296527a6f495	matrix-1006/ngram/ngmod_small.r0.server.log	
oneapi-ab/matrix-1006/ngram/ngmod_small.r1.server.log	file	13462	ea6c1b31cf88f8c6da33abcaab796413cb3898eca8d94055b6c41cbe1ab18e5e	matrix-1006/ngram/ngmod_small.r1.server.log	
oneapi-ab/matrix-1006/ngram/ngsimple.r0.server.log	file	11969	a8095fd89280645c73c9f98462afa5e11952281fdd05bcec19a7e3c9285cd2ef	matrix-1006/ngram/ngsimple.r0.server.log	
oneapi-ab/matrix-1006/ngram/ngsimple.r1.server.log	file	11969	32a4f9b30dbfa2c819df78d48c11ea50d4cc2de5d0967621edffdb191914fe3d	matrix-1006/ngram/ngsimple.r1.server.log	
oneapi-ab/matrix-1006/ngram/none.r0.server.log	file	11734	b7c26f7006c9cbed3d291f780b921347e8708ced0059f7e731191bca9b1fc9c7	matrix-1006/ngram/none.r0.server.log	
oneapi-ab/matrix-1006/ngram/none.r1.server.log	file	11734	5fbeedcd105c3ab7a3b01a55166924c27e9d827915bb4537917a2263cf0f2c22	matrix-1006/ngram/none.r1.server.log	
oneapi-ab/matrix-1006/ngram/none_mcauto.r0.server.log	file	17127	5b6824b496a8f09da96c7eaf2597cb9f0a8a64131eaeb7c7314d7479341dd442	matrix-1006/ngram/none_mcauto.r0.server.log	
oneapi-ab/matrix-1006/ngram/none_mcauto.r1.server.log	file	17022	40a86cd0fc5d5aefabdac1d22b8cc2ccc41a364778896bee7fbb4cac8878d385	matrix-1006/ngram/none_mcauto.r1.server.log	
oneapi-ab/matrix-1006/oracle/gate.mklfa0.log	file	12636	2bbbf27c5f5ceb414912b2261dd4e5d1f7ff3dc285385f3e6c4a804a519f1206	matrix-1006/oracle/gate.mklfa0.log	
oneapi-ab/matrix-1006/oracle/gate.mklfa1.log	file	13088	987d71173b39dba28a83f7879c2a4bdf0b8f6110a157dd432fc4c2b27b959796	matrix-1006/oracle/gate.mklfa1.log	
oneapi-ab/matrix-1006/spec2/llama8b.ngmapk4v.r0.server.log	file	14486	242e60961adea5aa01cb459edda8193db21ef94507231690bf2adc6389b4838a	matrix-1006/spec2/llama8b.ngmapk4v.r0.server.log	
oneapi-ab/matrix-1006/spec2/llama8b.ngmapk4v.r1.server.log	file	14486	8cfc51e3eb8f322ba067842a3295596891fa5ccbdb7fa0b766d1ff5d337c72f4	matrix-1006/spec2/llama8b.ngmapk4v.r1.server.log	
oneapi-ab/matrix-1006/spec2/llama8b.ngmod.r0.server.log	file	13114	ac41f22a29412b96dbda55cd7374b1710c48ad1134a5db7d85daec4d96ea409b	matrix-1006/spec2/llama8b.ngmod.r0.server.log	
oneapi-ab/matrix-1006/spec2/llama8b.ngmod.r1.server.log	file	13114	d88da83687fd0accb47b70b93e848e2e366019fde2df25f10881b5aa63da6c97	matrix-1006/spec2/llama8b.ngmod.r1.server.log	
oneapi-ab/matrix-1006/spec2/llama8b.ngsimple.r0.server.log	file	13503	05c75d4265940fb175884aa7431f59a361bd359e3a9633fd426eb356ca36d3ee	matrix-1006/spec2/llama8b.ngsimple.r0.server.log	
oneapi-ab/matrix-1006/spec2/llama8b.ngsimple.r1.server.log	file	13503	51d788b11aa912d7609fdf2ecf09c4714762043570ffe6d9858a6d891898a1db	matrix-1006/spec2/llama8b.ngsimple.r1.server.log	
oneapi-ab/matrix-1006/spec2/llama8b.none.r0.server.log	file	12551	090ce47123cdbdd91c5b5d9acd538db0ef75ba3a6470c90a4e1fd5c2fa34a21a	matrix-1006/spec2/llama8b.none.r0.server.log	
oneapi-ab/matrix-1006/spec2/llama8b.none.r1.server.log	file	12551	507c0801781b940bba23433e0d4ce0068a14e0ba2a1a9399184d1a0361ed78ab	matrix-1006/spec2/llama8b.none.r1.server.log	
oneapi-ab/matrix-1006/spec2/ornith.ngmapk4v.r0.server.log	file	17897	cfe11440a64ae7b3e4189313d9b7749ebdc087358eaf2b05f42cc38e43ba9d66	matrix-1006/spec2/ornith.ngmapk4v.r0.server.log	
oneapi-ab/matrix-1006/spec2/ornith.ngmapk4v.r1.server.log	file	17639	b74bb1e8d7b09916eb54a94d886a2355de2458dd97da068f6bd1134047fa9ad1	matrix-1006/spec2/ornith.ngmapk4v.r1.server.log	
oneapi-ab/matrix-1006/spec2/ornith.ngmod.r0.server.log	file	20061	d7b86a1e85b69a70b89033768cbdf55d8ea56d712a4ed0dbe5098afbcb37af6d	matrix-1006/spec2/ornith.ngmod.r0.server.log	
oneapi-ab/matrix-1006/spec2/ornith.ngmod.r1.server.log	file	16904	236a2cec97943830652b9452588397b1338c94a580d341a17f07f4ee9d4456f0	matrix-1006/spec2/ornith.ngmod.r1.server.log	
oneapi-ab/matrix-1006/spec2/ornith.ngsimple.r0.server.log	file	17193	571b224042943de832c499e6ade7c0a2bc5ce1782e192a503e4bc657f71d0473	matrix-1006/spec2/ornith.ngsimple.r0.server.log	
oneapi-ab/matrix-1006/spec2/ornith.ngsimple.r1.server.log	file	17513	575d422390d6daeea156fb414d13e042a61b7792b1615b3919c2cc0249fee309	matrix-1006/spec2/ornith.ngsimple.r1.server.log	
oneapi-ab/matrix-1006/spec2/ornith.none.r0.server.log	file	15953	ab32db346f5c641587299aa73312302ad1639fe5a76fad2d9eaa0c7294178682	matrix-1006/spec2/ornith.none.r0.server.log	
oneapi-ab/matrix-1006/spec2/ornith.none.r1.server.log	file	16165	90522ac43880fced15261570a4e3b2858ce6a7ef8759c1e5c662aa1a5652adc2	matrix-1006/spec2/ornith.none.r1.server.log	
oneapi-ab/matrix-1006/spec2/prefetch0.r0.server.log	file	15953	79b45cd2bc6836d1a72dc91c994aba9aee7abd41ea7a6fc5af2592deacb65964	matrix-1006/spec2/prefetch0.r0.server.log	
oneapi-ab/matrix-1006/spec2/prefetch0.r1.server.log	file	15953	864a8b58ccb2ade93dee64f329d24fd09ec9282a29aa56f3983de1b980021082	matrix-1006/spec2/prefetch0.r1.server.log	
oneapi-ab/matrix-1006/spec2/prefetch0_fit3072.r0.server.log	file	16945	10389c55a22eaff049167bf35d8fdea930e89571693dece57a88014f4605821a	matrix-1006/spec2/prefetch0_fit3072.r0.server.log	
oneapi-ab/matrix-1006/spec2/prefetch0_fit3072.r1.server.log	file	16947	cd4aff6ddb2cb236df938127449ea9384fd16262e059887ada46fda66b04ef4a	matrix-1006/spec2/prefetch0_fit3072.r1.server.log	
oneapi-ab/matrix-1006/spec2/prefetch0_nocopy.r0.server.log	file	15953	146b02ff6a42a340cdf958af85770d1b94b10d14d922dc71b25b49b1a8117e0b	matrix-1006/spec2/prefetch0_nocopy.r0.server.log	
oneapi-ab/matrix-1006/spec2/prefetch0_nocopy.r1.server.log	file	16164	023521fcbf72ec2e782fc576e1241e1fee6d6f353e21e26c65a20a42b567d082	matrix-1006/spec2/prefetch0_nocopy.r1.server.log	
oneapi-ab/matrix-1006/spec2/prefetch2.r0.server.log	file	15932	7ffdaec3dd8e401909bcf527c1c4163a0a609a85db55c1a5a8327e149533252f	matrix-1006/spec2/prefetch2.r0.server.log	
oneapi-ab/matrix-1006/spec2/prefetch2.r1.server.log	file	15953	5d7b3f8455f0429d6783ae42359395fe3a4798dcd1bac6a23d5797cc127c8326	matrix-1006/spec2/prefetch2.r1.server.log	
oneapi-ab/matrix-1006/spec2/prefetch4.r0.server.log	file	15953	e15e786e4d42987b0f05e04be4121aafec319e91e10dbfa2821f6e066608d074	matrix-1006/spec2/prefetch4.r0.server.log	
oneapi-ab/matrix-1006/spec2/prefetch4.r1.server.log	file	15848	afff7ca5baa3caa3017271ead32dc0db4e8a3e88a87106824ac73dff205c4070	matrix-1006/spec2/prefetch4.r1.server.log	
oneapi-ab/matrix-1006/spec2/prefetch4_fit3072.r0.server.log	file	17243	3955187f91078c108635a2fc6217a964f02c0665e6f4300ea7528c29422cf7d8	matrix-1006/spec2/prefetch4_fit3072.r0.server.log	
oneapi-ab/matrix-1006/spec2/prefetch4_fit3072.r1.server.log	file	17348	45310c09b8b620d2daa237016f6a5519d32e2b00c2eeda44d0edc5e0b9ab8947	matrix-1006/spec2/prefetch4_fit3072.r1.server.log	
oneapi-ab/matrix-1006/spec3/mtp_n3.r0.server.log	file	20238	27eb435f38351b42918d3962f4f17ac7b2720c0c89cf9f6a52b24c68681d1f2f	matrix-1006/spec3/mtp_n3.r0.server.log	
oneapi-ab/matrix-1006/spec3/mtp_n3.r1.server.log	file	20909	c8c90819412c8ba0c8e17e8671575596664f83008a3e4deb50e51df2555daea1	matrix-1006/spec3/mtp_n3.r1.server.log	
oneapi-ab/matrix-1006/spec3/mtp_n6.r0.server.log	file	21031	7cf184a5cf0c74e6796e6760a29627f4317aff8471b9d9832ffc1457c2e03271	matrix-1006/spec3/mtp_n6.r0.server.log	
oneapi-ab/matrix-1006/spec3/mtp_n6.r1.server.log	file	21522	fc9f9cb36ce599caf998a59a1504cc0db96f675315b1bb6bbfbabf71381d3778	matrix-1006/spec3/mtp_n6.r1.server.log	
oneapi-ab/matrix-1006/spec3/mtp_n6_chain4.r0.server.log	file	20431	de6f483b647fabc0b3db8e28052c309d6884a57cad337309b59e33d7c5c1992b	matrix-1006/spec3/mtp_n6_chain4.r0.server.log	
oneapi-ab/matrix-1006/spec3/mtp_n6_chain4.r1.server.log	file	21239	355af84dc257b17337037e436f3ff358b8d753d62b527502e27db98accaced49	matrix-1006/spec3/mtp_n6_chain4.r1.server.log	
oneapi-ab/matrix-1006/spec3/mtp_n6_fit3072.r0.server.log	file	21061	1804039b22ea311b2d650c7cf26ef12ecd81d52c5081d5f30082b858310db776	matrix-1006/spec3/mtp_n6_fit3072.r0.server.log	
oneapi-ab/matrix-1006/spec3/mtp_n6_fit3072.r1.server.log	file	20819	46fa232ab70a9e174389e75a94961900c91f1ce987af46f49aae3acc1d2c797e	matrix-1006/spec3/mtp_n6_fit3072.r1.server.log	
oneapi-ab/matrix-1006/spec3/mtp_ngmod.r0.server.log	file	7302	663e6e97f2608603bc3cd6facfae71a9e3c96c676193b3d7d24769fbf45efb93	matrix-1006/spec3/mtp_ngmod.r0.server.log	
oneapi-ab/matrix-1006/spec3/mtp_ngmod.r1.server.log	file	7303	46e9e8fa5ad43122494445a87a9c88bb00c5108408c207bf73715544cb9afe23	matrix-1006/spec3/mtp_ngmod.r1.server.log	
oneapi-ab/matrix-1006/spec3/mtp_ngsimple.r0.server.log	file	7303	ef7d0a70fe5993e48d7f27b8ccdd7948f5c1b0d63af655daca1153821fe51d0f	matrix-1006/spec3/mtp_ngsimple.r0.server.log	
oneapi-ab/matrix-1006/spec3/mtp_ngsimple.r1.server.log	file	7303	42055dc59f996a385a3523fc3e803047b6774bfd0ad7ea462c25565cb7c66ac4	matrix-1006/spec3/mtp_ngsimple.r1.server.log	
oneapi-ab/matrix-1006/spec3/mtp_none.r0.server.log	file	22611	77917bbad2ad8fe8d1610dda080cbec4e763cfcacce6e14bcf92e618644c9553	matrix-1006/spec3/mtp_none.r0.server.log	
oneapi-ab/matrix-1006/spec3/mtp_none.r1.server.log	file	22666	a725edf34aa4e9599f0cb5cf3bfe3e66b2e69c73773e3d07e9fa01718a3fecd7	matrix-1006/spec3/mtp_none.r1.server.log	
oneapi-ab/matrix-1006/spec3/p0_base.r0.server.log	file	15952	11dabb17ccd5d113086442cf3d7bbca16b9b44762ad798219ad7dfe00d1397d2	matrix-1006/spec3/p0_base.r0.server.log	
oneapi-ab/matrix-1006/spec3/p0_base.r1.server.log	file	16110	cfd13ac94ec83cfeb6813a023c9943f1c3a9220a5eac45e06b5b22f4626b242e	matrix-1006/spec3/p0_base.r1.server.log	
oneapi-ab/matrix-1006/spec3/p2_base.r0.server.log	file	16005	36a4f8f6371a0f8ea361d59db597eacfa455d4748c7f9de6a8f1c88b9c9b5a2d	matrix-1006/spec3/p2_base.r0.server.log	
oneapi-ab/matrix-1006/spec3/p2_base.r1.server.log	file	16111	3942142127380edcb324efc1599ee9236ed523b5817376436b68f739cc150818	matrix-1006/spec3/p2_base.r1.server.log	
oneapi-ab/matrix-1006/spec3/p4_base.r0.server.log	file	17311	49126e2dfa028e13cbc36353c05e9852137cf272e465e39ce4135f6651855199	matrix-1006/spec3/p4_base.r0.server.log	
oneapi-ab/matrix-1006/spec3/p4_base.r1.server.log	file	16110	75a9bd2f23055f88626203783767a5d0ed3eded6586d32511b67bf37de709f47	matrix-1006/spec3/p4_base.r1.server.log	
oneapi-ab/matrix-1006/spec3/p4_fit2048.r0.server.log	file	16408	5edd2325f611de1a09799499c313a4dbf4db68a15098483ca27fe28815b13553	matrix-1006/spec3/p4_fit2048.r0.server.log	
oneapi-ab/matrix-1006/spec3/p4_fit2048.r1.server.log	file	17042	2f1bbffb6f1b87b61bd25f7cca826fe9214a7fbccc8ff60ce7cee782f3d36203	matrix-1006/spec3/p4_fit2048.r1.server.log	
oneapi-ab/matrix-1006/spec3/p4_fit3072.r0.server.log	file	17296	757cfbe33f63c9bd17ed5311e62288952002e422792d31e3d0aa2b55147c81f1	matrix-1006/spec3/p4_fit3072.r0.server.log	
oneapi-ab/matrix-1006/spec3/p4_fit3072.r1.server.log	file	17400	a44781f772652d8a05c4a67a60da9984e78bb05183f4c47efec2d6652c1a46ea	matrix-1006/spec3/p4_fit3072.r1.server.log	
oneapi-ab/matrix-1006/spec3/p4_hookdefault.r0.server.log	file	16393	7392105b993c79299fd1944cd5ce7a850df5e5faf60e0a629885757c7fe8eb02	matrix-1006/spec3/p4_hookdefault.r0.server.log	
oneapi-ab/matrix-1006/spec3/p4_hookdefault.r1.server.log	file	16288	27ec6503183d51ad170a8aea6be49f6dc0052f582f077d5fcba4d385cf2e5add	matrix-1006/spec3/p4_hookdefault.r1.server.log	
oneapi-ab/matrix-1006/spec3/p4_ur1.r0.server.log	file	16153	76df31c7e8d874ab6c43cd2ab2afdee4db616ae089ac19ec01aa1d3b454e6d8d	matrix-1006/spec3/p4_ur1.r0.server.log	
oneapi-ab/matrix-1006/spec3/p4_ur1.r1.server.log	file	16259	71c59dfb1983692175d6f51080c64d04ab99ada4b232320f4c5220ff3a3f52eb	matrix-1006/spec3/p4_ur1.r1.server.log	
oneapi-ab/matrix-1006/spec3/p4_ur1_fit3072.r0.server.log	file	17191	9f5b90e56fb77c37b5a2687935a306fea8e9d343d8b4675e3507e8ee15e7151f	matrix-1006/spec3/p4_ur1_fit3072.r0.server.log	
oneapi-ab/matrix-1006/spec3/p4_ur1_fit3072.r1.server.log	file	17400	924762179ca331196bb54d6fd54941f8f7a38c38dd300fee9602d02c3a0669ac	matrix-1006/spec3/p4_ur1_fit3072.r1.server.log	
oneapi-ab/matrix-1006/spec3/p4_vmm0.r0.server.log	file	16005	a6173290d3d0fb5fc39a864454dc9cb7c09b37c76f9249b1c2ceb557a67dcda3	matrix-1006/spec3/p4_vmm0.r0.server.log	
oneapi-ab/matrix-1006/spec3/p4_vmm0.r1.server.log	file	16153	b1d2a08e889e6b6816b28d5f155c764e1565d78d480492919c96a16da388bfdf	matrix-1006/spec3/p4_vmm0.r1.server.log	
oneapi-ab/matrix-1006/spec4/ccs1_mcauto_ngmod.r0.server.log	file	44677	8bdd9b55a0b3fe3c64a8ea7121a5e8811bfb2ad0cdcb4670d0dafc02e938cf34	matrix-1006/spec4/ccs1_mcauto_ngmod.r0.server.log	
oneapi-ab/matrix-1006/spec4/ccs1_mcauto_none.r0.server.log	file	45442	9f1f4e9804cf955bac4ed86a440078f5d62f95f37093e98f8141d586d7f5fe81	matrix-1006/spec4/ccs1_mcauto_none.r0.server.log	
oneapi-ab/matrix-1006/spec4/ccs1_ngmod.r0.server.log	file	32099	38f4674aa828145b3466ab5a370d157121f293f38df010d6534225c4e0173cb3	matrix-1006/spec4/ccs1_ngmod.r0.server.log	
oneapi-ab/matrix-1006/spec4/ccs1_ngsimple.r0.server.log	file	31808	61eddea3248f246d816804b0d3458b4942db497b400d258612097822f021e484	matrix-1006/spec4/ccs1_ngsimple.r0.server.log	
oneapi-ab/matrix-1006/spec4/ccs1_none.r0.server.log	file	30153	39d86f0ae9c4928170cab113ffa42d3e1de8ae9dc5e2ed34ab5002469e417cc2	matrix-1006/spec4/ccs1_none.r0.server.log	
oneapi-ab/matrix-1006/spec4/ccs2_none.r0.server.log	file	31626	6a8b40026e4bd6cafbde713dfc7c50300a59efcded35722a16964ff559ee1389	matrix-1006/spec4/ccs2_none.r0.server.log	
oneapi-ab/matrix-1006/spec4/pfng_fit1024.r0.server.log	file	9020	e635fb8b711fbd4578ede5a9d63ed62c5691da30f1259f57e5bbd217a6485c04	matrix-1006/spec4/pfng_fit1024.r0.server.log	
oneapi-ab/matrix-1006/spec4/pfng_fit3072.r0.server.log	file	33459	96f978cb5f4300b8e1e15c2da5f80c14a803a378c3fba58c2ba6d3723b75b0e4	matrix-1006/spec4/pfng_fit3072.r0.server.log	
oneapi-ab/matrix-1006/spec4/pfng_noprefetch.r0.server.log	file	31333	dd13453ad213ce9807f3311f773d6dd42e0259462cf1f726940c942c7895dbab	matrix-1006/spec4/pfng_noprefetch.r0.server.log	
oneapi-ab/matrix-1006/spec4/pfng_ur1.r0.server.log	file	9020	b33dbecbce05b0dda18ef76d5f894f4c9a544d19c695bbf817529df5c77f4d65	matrix-1006/spec4/pfng_ur1.r0.server.log	
oneapi-ab/matrix-1006/spec4/pfng_vmm0.r0.server.log	file	4903	b9a9ecea92f8c4198edbcd6efc6dbfd2d31ed03a657b34e3f9a6fbd504051d29	matrix-1006/spec4/pfng_vmm0.r0.server.log	
oneapi-ab/matrix-1006/spec4/q4exp_ngmod_fit2048.server.log	file	39211	0060a7545e8812baa559be8d008a0d72e535f1ba65f2ed992ca8803c5d86198e	matrix-1006/spec4/q4exp_ngmod_fit2048.server.log	
oneapi-ab/matrix-1006/spec4/q4exp_ngmod_fit3072.server.log	file	38252	b83c9d0c1a808e99f7d101e896999497a5a6c2fef0acd64c5b527b9a16ca4a47	matrix-1006/spec4/q4exp_ngmod_fit3072.server.log	
oneapi-ab/matrix-1006/spec4/q4exp_ngsimple_fit2048.server.log	file	39218	0335c3e3fd1a239f5c37ef92249f4ac8a82a8a2241e7728f59724fbbc54fc36e	matrix-1006/spec4/q4exp_ngsimple_fit2048.server.log	
oneapi-ab/matrix-1006/spec4/q4exp_ngsimple_fit3072.server.log	file	39250	0003b92ad57f227ae7388cf5007a1329581d9f7c736bc55f216ffa386402c58e	matrix-1006/spec4/q4exp_ngsimple_fit3072.server.log	
oneapi-ab/matrix-1006/spec6/ngmod.r0.a1.server.log	file	31135	7e299475de454cd90f0cc21476922682fe3c537070107e086af03a9b2c1f0a4a	matrix-1006/spec6/ngmod.r0.a1.server.log	
oneapi-ab/matrix-1006/spec6/ngmod.r1.a1.server.log	file	31275	d45eace6dd35362693b7ef864748c011336319b361ac0600becdf58401c23aeb	matrix-1006/spec6/ngmod.r1.a1.server.log	
oneapi-ab/matrix-1006/spec6/ngmod.r2.a1.server.log	file	31459	da724882bacf4748043def4569bc71b6ccc6830920e0aa3936bba377e6331a30	matrix-1006/spec6/ngmod.r2.a1.server.log	
oneapi-ab/matrix-1006/spec6/ngsimple.r0.a1.server.log	file	31828	78678e834c001108332fa4a194bf32322ee816bf80758534904fe349c431f5b4	matrix-1006/spec6/ngsimple.r0.a1.server.log	
oneapi-ab/matrix-1006/spec6/ngsimple.r1.a1.server.log	file	31213	f5f8a4d10aa295010a9dd3203e0f99911a6e506bf5cb7c852eb6759888be2446	matrix-1006/spec6/ngsimple.r1.a1.server.log	
oneapi-ab/matrix-1006/spec6/ngsimple.r2.a1.server.log	file	11272	d04b64a3356248edfd0ad90a5fdc770d6550259a5a0400fbdc1b486b94f8b2a9	matrix-1006/spec6/ngsimple.r2.a1.server.log	
oneapi-ab/matrix-1006/spec6/ngsimple.r2.a2.server.log	file	31483	a91ff339a425fc96d55214c05bff6a7337e8797ee6356e7ac33f5ae55804f365	matrix-1006/spec6/ngsimple.r2.a2.server.log	
oneapi-ab/matrix-1006/spec6/none.r0.a1.server.log	file	28798	4335d82b2ef42cb55371ceca089a594ca44f1867ba2330481201a7864a715705	matrix-1006/spec6/none.r0.a1.server.log	
oneapi-ab/matrix-1006/spec6/none.r1.a1.server.log	file	28725	041ac7363ea2a3c95a223e9756fac5c34db5d81e2db56c2994a8afb14df1a314	matrix-1006/spec6/none.r1.a1.server.log	
oneapi-ab/matrix-1006/spec6/none.r2.a1.server.log	file	28515	26883b374f52c468891b29748b59e2ba3d3d4fec55cc8966fe2c92dc8ed53138	matrix-1006/spec6/none.r2.a1.server.log	
oneapi-ab/matrix-1006/sysfs-writes.log	file	4060	5506abbb22558cab98180c8483e41bf11d2ddcc7d63cb4218ef78f0c7930901e	matrix-1006/sysfs-writes.log	
oneapi-ab/matrix-1006/wgcheck/wg16.l0.server.log	file	12399	127ac41ec6a656d3bf8a7a2deff76ab663253b336961e6390739d80941f42fc0	matrix-1006/wgcheck/wg16.l0.server.log	
oneapi-ab/matrix-1006/wgcheck/wg16.l3.server.log	file	11817	d0af16655d0f4aee2f8676a8d25ce6bba6628caa4a9bb657f69050d074ba1470	matrix-1006/wgcheck/wg16.l3.server.log	
oneapi-ab/matrix-1006/wgcheck/wg32.l1.server.log	file	11765	a3aaae4866fed94f6bccf167dffc23d68f875829ed79712c55f42a9573aa1dca	matrix-1006/wgcheck/wg32.l1.server.log	
oneapi-ab/matrix-1006/wgcheck/wg32.l2.server.log	file	11817	aa08621ce79de9a7ac9de983eda16423517d139c4f3cfb6eb2ddfc95379c5d80	matrix-1006/wgcheck/wg32.l2.server.log	
oneapi-ab/matrix-ngram-stdout.log	file	1865	39acada5078d285a70c5f5386f4a61f8ac381b9eaf73a098578cb30716d0e39e	matrix-ngram-stdout.log	
oneapi-ab/matrix-stdout.log	file	2120	25caa5f4b470a8976d9e5ddac3eb529146bfd57a5efb175c266e91169fbf1806	matrix-1006/master-part1.log	
oneapi-ab/matrix-stdout2.log	file	24910	257c809d60d8034d64714e86257c878c2de6c0f4f873b8b661fe68d678b1e0ac	matrix-stdout2.log	
oneapi-ab/matrix2-oracle-stdout.log	file	374	6706755cb44132d4c2dc82f65e1942f5fae2ee69039d68bb6770047bd85e4244	matrix2-oracle-stdout.log	
oneapi-ab/matrix2-stdout.log	file	34833	a00b2b82a4a85c3dff6fb499eb0ed7865297581aa60d2d833a650c5b099a8514	matrix2-stdout.log	
oneapi-ab/matrix3-stdout.log	file	15883	a224de5b7b3d5f0d64f267040654e0aa973844de8843670c99ef19ed46a66d18	matrix3-stdout.log	
oneapi-ab/matrix4-stdout.log	file	1378	36d8092a5cf5a306d212e66a8cd2d78d9fccc593d20bc2949f786f35b15a045e	matrix4-stdout.log	
oneapi-ab/matrix4b-stdout.log	file	17987	76339bbb020ed5d06e23ce01f090c71cee1899105f481fde0b65134b73bfa164	matrix4b-stdout.log	
oneapi-ab/matrix5-stdout.log	file	0	e3b0c44298fc1c149afbf4c8996fb92427ae41e4649b934ca495991b7852b855	K-aocc-ceoff-mmap/dmesg-after.txt	
oneapi-ab/matrix6-stdout.log	file	1807	ad6e86bce9d4a1594c1a4007eb9cd651510a2c94da74c8b179426810fd7d0faa	matrix6-stdout.log	
oneapi-ab/matrix7-stdout.log	file	1029	613b1b0af541f415b2cf553f1e149a23c90c861e31e74e248bcafa8643aea26c	matrix7-stdout.log	
oneapi-ab/old-b12321/usr/lib/libggml-base.so	symlink	17			libggml-base.so.0
oneapi-ab/old-b12321/usr/lib/libggml-cpu.so	symlink	16			libggml-cpu.so.0
oneapi-ab/old-b12321/usr/lib/libggml-sycl.so	symlink	17			libggml-sycl.so.0
oneapi-ab/old-b12321/usr/lib/libggml.so	symlink	12			libggml.so.0
oneapi-ab/old-b12321/usr/lib/libllama-batched-bench-impl.so	file	43360	05927efba8cc1ba1dbcbe748c173d44626a34f8255954b957603f06032847354	decode/old-4e7400c3a/usr/lib/libllama-batched-bench-impl.so	
oneapi-ab/old-b12321/usr/lib/libllama-bench-impl.so	file	410728	4fd8e8147781ce832b679b6fa7041456349e99c97932825347a65e98787489a4	decode/old-4e7400c3a/usr/lib/libllama-bench-impl.so	
oneapi-ab/old-b12321/usr/lib/libllama-cli-impl.so	file	217168	a34f9b63bda4b5118f9494b78248f10695da4a7e2503746d2dd66300bcdf4d3b	decode/old-4e7400c3a/usr/lib/libllama-cli-impl.so	
oneapi-ab/old-b12321/usr/lib/libllama-common.so	symlink	20			libllama-common.so.0
oneapi-ab/old-b12321/usr/lib/libllama-completion-impl.so	file	85040	8fb4af84057c10f9b31b936dc15ede93aa6082492bda045833f94bdcae7a95bf	decode/old-4e7400c3a/usr/lib/libllama-completion-impl.so	
oneapi-ab/old-b12321/usr/lib/libllama-fit-params-impl.so	file	30952	a02f290e80794ced044d6f5f34ba4a8820ef718d540345b15da1dbadee66dd6c	decode/old-4e7400c3a/usr/lib/libllama-fit-params-impl.so	
oneapi-ab/old-b12321/usr/lib/libllama-perplexity-impl.so	file	146424	7aabe1b6d1f003a4b1b0a85f5be0275ec0be0cc7cff9634c60bf941220a4a122	decode/old-4e7400c3a/usr/lib/libllama-perplexity-impl.so	
oneapi-ab/old-b12321/usr/lib/libllama-quantize-impl.so	file	72216	7740586764b7d741c2ff05329f313d0c125db0ef9c485aad0113dad990278b9a	decode/old-4e7400c3a/usr/lib/libllama-quantize-impl.so	
oneapi-ab/old-b12321/usr/lib/libllama-server-impl.so	file	6593440	0aa42a4bcc7014fced49607208ee26aca8d7f1d171223a2a53cd45f92b31ebae	old-b12321/usr/lib/libllama-server-impl.so	
oneapi-ab/old-b12321/usr/lib/libllama.so	symlink	13			libllama.so.0
oneapi-ab/old-b12321/usr/lib/libmtmd.so	symlink	12			libmtmd.so.0
oneapi-ab/run-abcd.log	file	4145	6782911a74716cd100f9a6cc6eea3907f2f09358edd45ea5cfceb8eb7bf529e8		
oneapi-ab/run-dca.log	file	4138	8c785fcf9b95e71d047f0b24dd3dbd98d14ade5b020ef04a5f7b10ab5b7af8ef		
oneapi-ab/run-n2.log	file	2756	b42f82ab722ddd6d1f7a9422a9c5fc327aa86d10076d67e9e56eaa06e77f402f		
oneapi-ab/run-xe-levers.log	file	5812	509cba559f91a66f179358e17b1981b858780366be5ad56ad9dcfdd56818e11c		
oneapi-ab/run-xe-levers2.log	file	6950	625f66daf8833d4759c5c4c84b1809f82b1b48cb8d5127dc0e887c5b87c567ce		
oneapi-ab/run-xe-moecache.log	file	3009	0da5df7cc6594370738598226de8982f4e8655274e8dd6494341053f36df048b		
oneapi-ab/run-xe-soak.log	file	4252	da40f6eda5f40a5d3984da1baf170d5150db58a988e65b7204d2b17fe26689b6		
oneapi-ab/run-xe-trace.log	file	276	7e61e7df5ee231b3b833c1de85c078f452c9371266c760f1bbea1593c5ec6bf1		
oneapi-ab/run-xe.log	file	2982	15f9a3671a3e19dadf4d5856e3cef70b71f3b7f029e3ddbdc896c1c759ed667e		
oneapi-ab/server-soak/soak.log	file	536	0b0114944a6dc6c40a7ace2edf1b5e267cea643ebd22eb4f6d659fe6a5e4d9d8		
oneapi-ab/swap-2.log	file	1771	7a7b54489ec7b484a8e1fe59c46c5c8fdd82a13b811de3ecfdb51a8468645138		
oneapi-ab/swap.log	file	2738	5baa6a8318379a9bd92d83628e093fd12a05015ca9e5152ed3385dc6b5be5e87		
oneapi-ab/xe-investigation-20260929/debug-text.bin	file	980	3bb7b9496e2fc596ab990f3f1f848d101151e766646032b78e96dc9bdbb473ad		
oneapi-ab/xe-investigation-20260929/trace-copies-debug.so	file	24400	e593226c152d6575ef3c67efd62b50e5386d62a13ec878eed7026ff7b3211f8f		
oneapi-ab/xe-investigation-20260929/trace-copies.so	file	16184	fb58a06f3ff9c4858329fff478bcb63b0cecb8992812ad8c617bfa6f6de5fc9b		
oneapi-ab/xe-investigation-20260929/trace-text.bin	file	980	3bb7b9496e2fc596ab990f3f1f848d101151e766646032b78e96dc9bdbb473ad	oneapi-ab/xe-investigation-20260929/debug-text.bin	
run-abcd.log	file	4145	6782911a74716cd100f9a6cc6eea3907f2f09358edd45ea5cfceb8eb7bf529e8	oneapi-ab/run-abcd.log	
run-dca.log	file	4138	8c785fcf9b95e71d047f0b24dd3dbd98d14ade5b020ef04a5f7b10ab5b7af8ef	oneapi-ab/run-dca.log	
run-n2.log	file	2756	b42f82ab722ddd6d1f7a9422a9c5fc327aa86d10076d67e9e56eaa06e77f402f	oneapi-ab/run-n2.log	
run-xe-levers.log	file	5812	509cba559f91a66f179358e17b1981b858780366be5ad56ad9dcfdd56818e11c	oneapi-ab/run-xe-levers.log	
run-xe-levers2.log	file	6950	625f66daf8833d4759c5c4c84b1809f82b1b48cb8d5127dc0e887c5b87c567ce	oneapi-ab/run-xe-levers2.log	
run-xe-moecache.log	file	3009	0da5df7cc6594370738598226de8982f4e8655274e8dd6494341053f36df048b	oneapi-ab/run-xe-moecache.log	
run-xe-soak.log	file	4252	da40f6eda5f40a5d3984da1baf170d5150db58a988e65b7204d2b17fe26689b6	oneapi-ab/run-xe-soak.log	
run-xe-trace.log	file	276	7e61e7df5ee231b3b833c1de85c078f452c9371266c760f1bbea1593c5ec6bf1	oneapi-ab/run-xe-trace.log	
run-xe.log	file	2982	15f9a3671a3e19dadf4d5856e3cef70b71f3b7f029e3ddbdc896c1c759ed667e	oneapi-ab/run-xe.log	
server-soak/soak.log	file	536	0b0114944a6dc6c40a7ace2edf1b5e267cea643ebd22eb4f6d659fe6a5e4d9d8	oneapi-ab/server-soak/soak.log	
swap-2.log	file	1771	7a7b54489ec7b484a8e1fe59c46c5c8fdd82a13b811de3ecfdb51a8468645138	oneapi-ab/swap-2.log	
swap.log	file	2738	5baa6a8318379a9bd92d83628e093fd12a05015ca9e5152ed3385dc6b5be5e87	oneapi-ab/swap.log	
xe-investigation-20260929/debug-text.bin	file	980	3bb7b9496e2fc596ab990f3f1f848d101151e766646032b78e96dc9bdbb473ad	oneapi-ab/xe-investigation-20260929/debug-text.bin	
xe-investigation-20260929/trace-copies-debug.so	file	24400	e593226c152d6575ef3c67efd62b50e5386d62a13ec878eed7026ff7b3211f8f	oneapi-ab/xe-investigation-20260929/trace-copies-debug.so	
xe-investigation-20260929/trace-copies.so	file	16184	fb58a06f3ff9c4858329fff478bcb63b0cecb8992812ad8c617bfa6f6de5fc9b	oneapi-ab/xe-investigation-20260929/trace-copies.so	
xe-investigation-20260929/trace-text.bin	file	980	3bb7b9496e2fc596ab990f3f1f848d101151e766646032b78e96dc9bdbb473ad	oneapi-ab/xe-investigation-20260929/debug-text.bin	
